Genotype,Rep,HUG SCD,CAS SCD,PLY SCD
Hutcheson,1,61,74,70
Hutcheson,2,67,70,71
Hutcheson,3,70,75,71
N17-30811,1,80,78,59
N17-30811,2,66,62,65
N17-30811,3,72,70,62
N17-30812,1,37,18,22
N17-30812,2,41,21,29
N17-30812,3,48,12,23
N17-30835,1,63,28,33
N17-30835,2,64,31,39
N17-30835,3,69,28,31
N17-30861,1,59,46,52
N17-30861,2,56,53,54
N17-30861,3,51,50,55
N17-30897,1,35,55,35
N17-30897,2,25,37,33
N17-30897,3,32,41,37
N17-30898,1,49,50,32
N17-30898,2,45,39,48
N17-30898,3,43,44,40
N17-30902,1,57,44,44
N17-30902,2,60,39,32
N17-30902,3,63,34,44
N17-30904,1,39,41,46
N17-30904,2,44,46,40
N17-30904,3,44,50,49
N17-30918,1,45,61,42
N17-30918,2,38,47,54
N17-30918,3,41,52,50
N17-31781,1,77,60,65
N17-31781,2,69,77,58
N17-31781,3,71,79,57
N17-31782,1,62,29,48
N17-31782,2,63,39,34
N17-31782,3,61,41,36
N17-31783,1,72,33,52
N17-31783,2,75,44,52
N17-31783,3,76,33,45
N17-31804,1,40,20,37
N17-31804,2,38,25,36
N17-31804,3,29,36,26
N17-31805,1,42,22,22
N17-31805,2,36,24,15
N17-31805,3,34,10,22
N17-31806,1,47,18,21
N17-31806,2,47,17,31
N17-31806,3,49,18,35
N19-7019,1,69,22,40
N19-7019,2,68,25,46
N19-7019,3,61,19,49
N19-7021,1,52,22,56
N19-7021,2,69,24,56
N19-7021,3,67,29,68
N19-7132,1,61,15,41
N19-7132,2,49,15,27
N19-7132,3,48,9,37
N19-7133,1,54,16,35
N19-7133,2,48,20,45
N19-7133,3,51,21,34
N19-7135,1,61,41,35
N19-7135,2,71,46,48
N19-7135,3,70,49,37
N19-7140,1,37,35,47
N19-7140,2,38,33,51
N19-7140,3,43,26,58
N19-7154,1,40,24,25
N19-7154,2,48,25,34
N19-7154,3,50,27,34
N19-7165,1,32,22,19
N19-7165,2,36,21,28
N19-7165,3,38,14,27
NC Raleigh,1,53,19,46
NC Raleigh,2,50,12,44
NC Raleigh,3,46,18,45
NSDE15-1046,1,71,36,39
NSDE15-1046,2,62,32,37
NSDE15-1046,3,71,38,53
NSDE15-546,1,30,24,25
NSDE15-546,2,39,21,35
NSDE15-546,3,44,23,32
NSDE15-566,1,46,18,28
NSDE15-566,2,53,18,40
NSDE15-566,3,41,14,31
NSDE15-602,1,44,26,63
NSDE15-602,2,51,29,61
NSDE15-602,3,53,24,57
NSPR-ET230,1,68,55,50
NSPR-ET230,2,69,44,40
NSPR-ET230,3,63,51,42
NSPR-ET307,1,79,47,59
NSPR-ET307,2,72,31,45
NSPR-ET307,3,70,41,38
NT16-30181B,1,39,35,41
NT16-30181B,2,26,32,43
NT16-30181B,3,38,49,
NT16-30188,1,43,49,44
NT16-30188,2,44,49,59
NT16-30188,3,55,41,51
NT16-30189,1,48,24,50
NT16-30189,2,58,16,54
NT16-30189,3,61,18,43
NT16-33614,1,70,31,57
NT16-33614,2,82,38,57
NT16-33614,3,83,46,62
NT16-33729,1,17,12,18
NT16-33729,2,25,20,22
NT16-33729,3,26,13,23
NT16-33773,1,48,13,18
NT16-33773,2,46,18,27
NT16-33773,3,51,18,19
